name,nom_scientifique,description,famille,categorie,type_semis,conseil_semis,conseil_culture,periode_semis,periode_recoltes,culture,exposition,besoin_eau,nature_sol,qualite_sol,hauteur,ecart_rang,temperature,difficulte,maladie,photo_1,photo_2,photo_3
Lentilles,Lens culinaris,"Origine : Régions chaudes du Proche-Orient. La lentille est une légumineuse annuelle produisant de petites graines riches en protéines, en fibres et en minéraux. Elle se distingue par sa facilité de culture et sa résistance à la sécheresse.",Fabacées,Légumes,Pleine terre,Semer directement en place au début du printemps lorsque le sol atteint 10-12°C. Espacement des lignes d'environ 40 cm. Les lentilles sont autofécondes mais évitez les semis trop denses pour une meilleure aération.,"Binage régulier pour éliminer les mauvaises herbes. Arrosage modéré mais régulier surtout pendant la floraison. Les lentilles préfèrent les sols légers, bien drainés et riches en matière organique.","Février, Mars, Avril","Juin, Juillet, Août",Pleine terre,Ensoleillée,Moyen,Léger à moyen,Bien drainé,20-50 cm,40-50 cm,10-20°C,Facile,"Anthracnose, oidium, pourriture des racines, pourriture grise, mildiou, rouille, sclérotinia, virus divers, fusariose.",https://www.francebleu.fr/s3/cruiser-production/2023/08/6ec5045e-6b1b-4488-bbe7-c1b87d1d27ea/1200x680_sc_367419135-1494644321304820-2533829706246073309-n.jpg,https://www.lentille-blonde.fr/wp-content/uploads/2016/10/mainImage-source-9507202.jpg,https://www.lafermedechardonnet.fr/wp-content/uploads/2021/12/lentilles_germees-1000.jpg
Soja,Glycine max,"Le soja est une légumineuse cultivée principalement pour ses graines riches en protéines et en huile. Il est utilisé dans divers produits alimentaires comme le tofu, le lait de soja et le tempeh.",Fabacées,Aromates,Pleine terre,"Semer les graines directement en pleine terre après les dernières gelées, lorsque le sol est chaud. Les graines doivent être semées à environ 2-4 cm de profondeur.","Préférer un sol bien drainé, riche en nutriments, et une exposition en plein soleil. Arrosage régulier, surtout pendant la floraison.","Mars, Avril, Mai","Mars, Avril, Mai",Pleine terre,Plein soleil,Moyen,Bien drainé,Fertile et riche,60-90 cm,30-50 cm,20-25°C,Moyen,"Mildiou, Rouille, Pucerons",https://www.semencemag.fr/photos/semences-soja-gnis-j-greffier.jpg,https://www.vegetarisme.fr/wp-content/uploads/2022/04/Brochure_soja_web-final1.jpg,https://www.sunfruit.fr/wp-content/uploads/2022/05/soja.jpg
Sésame,Sesamum indicum,"Le sésame est une plante cultivée principalement pour ses graines riches en huile, utilisées en cuisine et en pâtisserie. Les graines sont petites et ovales, avec une saveur légèrement noisette.",Pédaliacées,Aromates,Pleine terre,Semer en intérieur ou en extérieur après les risques de gel. Les graines doivent être semées à une profondeur de 1-2 cm dans un sol chaud et bien drainé.,Préférer un sol bien drainé et une exposition en plein soleil. Arrosage régulier mais modéré.,"Mars, Avril, Mai","Juin, Juillet, Août, Septembre, Octobre, Novembre",Pleine terre,Plein soleil,Moyen,Bien drainé,Léger à moyen,60-90 cm,30-40 cm,20-30°C,Moyen,"Pourriture des racines, Oïdium",https://i0.wp.com/www.greenweez.com/magazine/wp-content/uploads/2023/11/Graines-de-sesame.png?fit=800%2C533&ssl=1,"https://images.radio-canada.ca/q_auto,w_1200/v1/alimentation/ingredient/16x9/graines-de-sesame-ingredients-mordu.jpg",https://img.passeportsante.net/1200x675/2022-03-22/shutterstock-211822624.webp
Mandarine,Citrus reticulata,"La mandarine est un agrume à la peau orange et facile à peler, avec une chair juteuse et sucrée.",Rutacées,Fruits,Pépinière,"Semer les graines dans un substrat léger et bien drainé, maintenir humide et chaud.","Plantation en pleine terre dans des zones subtropicales, avec des arrosages réguliers et une fertilisation adéquate.","Mars, Avril, Mai, Juin","Decembre, Janvier, Fevrier",Pleine terre,Plein soleil,Moyen,Bien drainé,Légerement acide,3-5 m,4-5 m,15-25°C,Moyen,Maladies d'agrumes courantes,"data:image/jpeg;base64,/9j/4AAQSkZJRgABAQAAAQABAAD/2wCEAAkGBxMTEhUTExMWFhUXGBoYFxcYFxcXFxoaGhoYGRoYHRsYHSggGholGxcXIjEhJSkrLi4uGB8zODMtNygtLisBCgoKDg0OGxAQGy0mICUtLS0tLS0tLS0tLS8tLS0tLS0tLS0tLS8tLS0tLS0tLS0tLS8tLS0vLS0tLS0tLS0tLf/AABEIAKgBLAMBEQACEQEDEQH/xAAbAAACAwEBAQAAAAAAAAAAAAAEBQIDBgcBAP/EAEEQAAECBAQDBgUDAgUCBgMAAAECEQADBCEFEjFBUWFxBiKBkaGxEzLB0fBCUuFi8QcUI3KSQ6IVFjOCssJTY9L/xAAbAQACAwEBAQAAAAAAAAAAAAADBAECBQYAB//EADYRAAICAQIDBQcEAgMAAwEAAAECAAMRBCESMUEFE1Fh8CJxgZGhsdEyweHxFFIVI0JDU5Iz/9oADAMBAAIRAxEAPwDFUOJhZCMozEgJyl0u4biUjkXHSMiysKOI9I0tPGwVes6TTSEoSEpAAGgGkcpY5scses6xECKFHSFoSBcjwP3g9SqBlh69cpRiScCQqCOAAitwy2wlq558Is46WijKU9oSeIZwZORMex1B94IzcaDi6GVdcbjrKjNC15RxZI4k8o8VZ8IgkWOtCcVh5wwpShnHeuCCx3b0vEhEqA4h7W/49ecEGazccoNUSwCRqNjvArQEbA38IetiRmIu0mFidImSzqQ6TwULpPnDGjvNNyt8/dLW1C+o1+P0PSccmpUg3Dex6R2QIcbTlranpbhcevKMsOxLIpKn3v8AX6wtdRxKVlqL+6sWwdD/AH9JshX5Q5PTZ4xe5ztOxttWtS7cpXPMqqS605VJcBQuprs+j38oPlqCFXlMOqtO0KyzbOD9OnwiVUgoUxNxoR7iGQ/EMiYt+nepyjjeH09YtO4VyUH/AJgZiTJDaasSW1S3inqeHrFDkCCKD3Q+mq1uMqgsPoPm8tYItrCe3HKabDcRQwCtecP1XqRvLhoctEmYki2VTgjY+EF9hhCK5UhlOCJlqvCPgLGUvLV8p4cj94xddQa9xynXdldof5HsP+ofX11hkmSNhGMzHrNdmxPJ9FY5WB4tFkvxzlAwJ3i5deqWcqreAvz5w0F4xlYThUymoxTMoB+PndvVoNRR7WTM/tE8GlfHhj57SWHKGYp4EfWDPUeMTjRNpgld8IkAgBXF2Hl4xS63uLARyI8+k1dHX31JX/U/f+oVNqFKcEg5jrt4P4acBCXdXag4JGD1/Gf254EfCom4B2gtZTFXdYkacPCCPohW+2T9BL03+znkfnML2g/wzGYTJU0o+ISSlaczXuygQWvofONj/NFVa8Y+AmW+jN9rFW9/xlFP/hZMItUpJ4GUoeoX9IumtWwZA9fKUbQmtt2gNTg1Vh//AKqQqnJbOkkpBL2D3Qf6Tbm8UsCagZGzQF9Jr58pZVziZJWgu13GuzKH59YXqUhsGKLzkcHnoUErTZKgbbAk3T0BBHQCI1asGInXaC5bKQTz5fER/TJBH55Rn2ORtNFV3zGMiiSdRCjWkTzNiP8ADcGQQ5HQW184coo4xxMfXzmZfrGGwn07A5Dl0eWYD0MWIAJEhdXbjnORdhqHNVpLfIkq8QwHqY0e0rcac+e0xOy04tQD4An9v3nV5CHIjm6U42AxOisbAh0uSCLg9db+8aldQK7/ADirOQdoqrwXtr0hK7AfMeoxjeDoqFIsXI5An+IoPaGxl3CseUrqap1KCQoFtbjo/rBKl9oHziOucV0Y4tzB8MkjPmWS/wCkAm2lyRqXi9zhR/18vGK6Knvg1lhyQcbxjLUXI57wmR4TXIAAMYTEj4dxc+cHZQtI23MUUk2QKsQQL8PSBEEEZjNTAnacprqVImTEKuApVm/qLDlYx1FVhKBhzwIM1A8SOMjMQVtAUF0glBuNyOv3h6u0MN+cwdZoHqYlASvzx7/zH9LWpWwBCja19Rx4Qg9RUkzT1OtpfTcHF7WBt1yPtPcPWXJAYaADcO7mPXgYEns5D+vlsAPPzMMmyVHXTwJgCuo5RnV6MahfA9DKTKIvqOP5p4xfOeU5rUaWyk/9g+PSTC+cVxEXUT4B49AmsmHS65aB3ZhtYA94DoFaeEeV2zJdCmwMt/8AHSfnHikkehd/MQQnMoG8RPpmKFQZE4bEBYykEc7pbqqPMCy8J3ENVa1Th0OCJpsNnZ0AkMWuHf8ABbWOfvr4GIncabVrqaw459R4eukJVM74RvuOH2gYrbmZd7q0Uknfw6n4RZjlOlaSPI79Yaofgf2eUPWXNYLjB8JgKqqXKUX1Sfwxv0qrYImX2iSaWHu+8eYHUzJywJYKlEB+CWLOTsLx60BdzOerqLtwib3/ACWRFiVKAvu3VtIzNVw2JnGSPDfHvxNnR19w2AefPPX3RnJqBklqCXUWd9A1mESdQqIjKuTsPdjwhmpYuyk4G+PjD66QLKJNxYbeMF1ag+0Tz5DpFtO5HsDp1g9XmKUANv1DNdoXudmRVXzjFQUOSYaENKuPmYPp0hvOKvaHOK8WbtjylUulSuWtM0ApKWUDoefUcYikDhJf4/mTaxDKE8Zma7s3KyFKEBQOx4csrAnrCTWMpPDv5+UdRanI7xR8hENJ2elyXyJF3sS4Ds7O7OwiG7QdyA55S79m1c6jwn6SdFJUl0kM501A6QO51Y5E0axgAGOaXQQi/OUs5x/QTiE6hvbk0O6axlTGZlXopblPVzy5aw/OBijXsCeH19RPCsY3mYpsETJqVzUkNMRcWBCszmwsxtB9bZmpUJ5S2n04rtexeRx/MeUeohXSAcXr15Q13KMVctRoOcap25c4oIprk3/OMZepGGj1J2lMwEaHwIgJULCKeLmJCbTFLKJJKjlv4npw84tW5IMzu0OGwIoGPaG/zn1PSZTc3JJAADB9hFXs4oemhKge7z5+ckhLqubktFSM4840ThdhtGFSSWQdbPYBnGgMOW5bFZ+PlFKwBlvRgOIHQctfzm8L2jDAeEa0/jOWYwHqJjfujoNPtSvuhGGbCJBNKo8osbFElkaEU+HXcG/Ejy5+sDa/bEWt0CWbnnCKKhycy+rANysIHbdxy+l0i6cYEL+GDYwHiI5RqB1MgpLpJ6iD12Z5yroGGCI47P4ImdLzzRck5W7tha7WLl79IV1esNb8KfGZj9mac74x7o4l9k5JfUNzPlAk1lrgnA+sA3Z2nGP1fMfiff8AlaQNQf8AkX94o2utHMAevfLDszTY5E/GQ/8AK9P+0/8AJX3gX/IXeMt/xek/1+pl0js/JSe7LT7+8VOrufrGq9Npq91rHyz98y2dTCUy0lrgEctPLSL0uxG8m6oW7oMOBsRtnyPjn6SjBad0ku6io5iLueHgPrBNRxEhRyxFtE6WF9QRuWPwHQCU40lg0UpUg7zZrbImGxqTmvxBHpaNvTNiKauoMpHiDN5/hHh4RR51j/11lQP9Ke6kPwcLLczDN5BfhYbTntOp4ONec2KZeRSs2yVZRYJIIYD1eM181s2egOB032jv/wDRRjqRnx23gMiSUKy7KDp67iEK1KNweI2jruHGeo5xpVIKpKDumxH5+XhjVq1lCnqIjUQtzDxgKiHGtk6dTCDWYIAHSNAEA++MalJKkJ2SL8Ht9Idu4nsVegilRChm8Z5OrHUkBgj5XO43Ji76z21AxwnaeSgBSTz5yMikzqOQEDaLVacWMSgwOkl7uBRxmLsbokomd17hzwfdj1hPtGlarPZ67xvRXtZX7XSLVyAYQD4jgfE+lJa0eJzvJY53hUtTRCsRAMMy0TeH0+oie+I9fxKFINUuFJuCGIHv9I0dUp4R4QteCDLaeYBqNfD82hXTuFJz1lLFJ5RihZN+V+PpGurEjiihGNpTWSHDnc6wtqacjMJU+DARLym/I/WMt1Ktgxri4hPMWV/o5wLg3e3DSG6K1KjzzmZur4lUkdCD8pRhuJSqgBKTlWLFKrEER63RurA9PHpLafXJbkjn4Q1EtILEF31Zw3H+YiutVODn3+UbZmI2xLkIOYlQslXi/QavptB0Q8RLcgfj/MGSOEBeZEUVk0MT1/PeE/1GaFS42nOpKfiTFL/conwe0b7HgQL4CMVIN28Y8p6RxCD2by7AQxFK0CNkEZUuUBFg2ZGIPMTBAZIEHnC0EU7wgWbLDJOWWhPBIHpGNe3E5PnE7Oc0VJLYW/vaNvTVhV2/uZdrZO8jiCLEsOH2gWuQcBbHlLUNviKGjEj8hVTsg71rtzvtBxU+4xIXhO+YuKlTFch7wXARIzW6cOV3z1kOyaQufOlzHMsTFFg4Dvu2osdI0kVTwE9QPtOYRnZ7ax+kMT8zyzJdrAkK7rDWwuMtikg76+kVcDvMj14Tf0eRWF8PRmbpcL/zExMp2BNzwG7c9vGGKWwYbVNw1Fp1fDaOSiVLpwMiUAJQl7sBbx4w+xSzCvzPznNAPXlqxCZydAoAp46kc4Bau+HGR4y6HIypwfCBT6YAlKlDYpPA7Rm21AMUY+4+B6RpLSRxAe8S2VUvLWhViGPi/tFhfx1Mr7EfeDarFiuvX7QYd1T8AC3jCmOFy3gAYx+pMeZk6iYT3j+vXpwiLXbHER+r7fzKooHsjpJ0dIZhsLe0X09BubOJS64VDeaFFJ8OWydd46NKe6rwvOZDXd4+W5RPjNPnAds4JZtG3HWMrtCnvUH+37dRNDR2FCccvW8TzaNSdQYwrNPam7CaK3K3IwKbLOo194tp0FhKdek9deal4+g5+7x+EgJkDKkHEYUhlDLyMXVuOypSsqlAFn1hmvSWWLxKJfhUfqOJTU1s0l8qSfH0vaGMq3OHWnAwI1p5rgKG94RIKN7oB1xsYdKqGDa8Gdx9DDlV+Bjn9/5izV5Of6ns6qIDXc2FtYtZewGP2nkqBOYCZ8JNuIyK59WzHkTRp/pkcQdT4b+UNaVsuF5f39Ihr1xSx8j9pz5dQpJExOo1B3HHwaNms49kzj1fBmywLtB8VDOD1+bRrt4X+uqmrpNS8VY9nqOo/idH2fqxeeCz9XQ+P8w9VSWI2Jfnw1jK4zgibgqGczOdqK/JLyg95fdHjqfAfSHNDTxvxHkIY7DHU7RRhVPpDd7xvGBiamgo3HLfSEwpcxS20LCailCR6ERR6+EQa2ljFFaiJrMMpgahBhCCDVA4wRYVZtZGgjFbnM1+c0FMXf05WB9Y6Klg2SPWwmVZtBMXUbDa7wn2gxAC9IxpQOfWJVzG0jLAzNELnnKDImLVmUp0szE3tcc+T84aNo4Mk7xDtChXQLWN8yummCXmzapOp1Y6C+psY9gtgr1+UztO5rJWxiFXpnmemJDs5JKZefUrUpRbcZm1PG/nBdQc2qOgxG+zlzUXPNiTKO01TnUHe1i+pb802hguWbM09OnADiWdiUvOmBu9kceB/tDenGc4gO0ThFJ5ZmxMw52O+ltD/eId2FnCfh5GIKoKZHoS7/MKYNroecVa+zAxzle6TO/KfOhTJV3Tx2eFy9dh4W2MnDpuNxBa+YJYGYi2lvmB2B0J314wJxw44un1HvhqVNhPD/UHRXJVMAVmSkgJS+2pu2jkxVHSy3B22xCmhlrJXBOcn+IetBLubDaz/jRd0LZDch69bRYMByh0nEQlAEtB6m994OmrVFAqU++LNpi75sMtkpnLu59obpF9m+YNzTX7OJOZh5J5Od4IdMSfKUGpUDznlal5ZzOPF+PlAdUA1R4vzJpOLBiZarOUE7i8c3QxrtB8DNdl7xCviMTKdr8UVJkfHkJzA2P9D7nk7CN2vTVX3AZ2P38Jk6TtFtNWykZ8PL+Jx+sq1zVlazmUdSY6Outa14VGBMy657nLucmdvmojh1M+gKcyyimt3T+GIsXO8rcmdxCVrgQECFlEybFwsIqQZU8wQLDBBPptSShQH7S3Vi0EpHDYrecS7Qo4tNZjngzCJqCW4/3jcKz56RvPpSyhWaWSLuRwPEcjE523hUzzE19HjaVSStZYpsr6MNb+8Y9ujIswg2PKdf2ZrxfWRZ+pefn5zNrWqpnfEPyiyRwH3jQwtFfAOfWatH/Ye8+U1eD4fcWhHPG2JbUWcI2j0JyDw9dxFjmsevjEM8ZlVXMcNv8Aje5heyzMJUu8TVkQkaEWrsYZG8uDBalUEQQoM1+GzwqWhQ3AjIuThciI2LuY5patuRYAcLcfP0hvT6oKMHnsPLaI2U5n1XMcWckslyGtu3kIJfaGG3M7ZIx756pcHflzi0SIzS0cNkPo0pAU7O1n4+Xp0gunZcMTzxtn16+ytxYkYmZxqXNUpYCCor7rBBLgu6ktuE8NHMPaYB1BHPn8fP4zG1hetywHPb3DyPjiaLBJKEykgskpSltnLfce0eodGdmY4Ofd7poqrpWqAdJl+0czNMPKw8N4IH42mrQvCsXYFi3wauUCQBM/0yTZnYg/8gB4xoaZCc4i/aTAVgEdf2nVJa1sM0tyLO0F9rHtLvMb2M+y+BJpmpP/AEz5GBFkO3CZYo4/9ytVIs7anezQm+msYwguQCD47RkyCnuku7a2Tf7RF1RSqE0dw78HfH5gFJMMxUpYQqXdyVM5IFmD3BbXnAuECxW9cv4jLjgV1JB/uMSEqJvlJ0irKlhO+D0i2WUcsw6jRMlpIbMDdwx9IZoptrXh5xW012HOcQtFeUlikiz3EPV3GvbEAdOHGQZVV1anSHIS19Ob+QiLb34lHSXqpQBj1iudXkpyj8vaMC7Xll4RHk04DZMUVkwAEk2uT0aEUyzeccG05v2U7UyVJMmoUEk2ZfyKBBcObDorzMdZqNA6txV7/ecqbATvtFWNdk5Imn4M9IQbgHvNyBBuIPTrn4cOpJEGU8J1Cch9Y5JTidyreECmSoMrRgPtKFVuX5tOMEFWeU8QJ4KxCvlUD0Ij3dMOYkriCVE9oMiZhMyqXVGLmsScg84rxTDU5VTJZYi5Tsx1bg35z0dPZxjDc5wfafZraawkD2DyP7e8RAJ51GsM8Ez122hVHWpcpXYKDHfxHMG/hFGrI3WMVsarBYvSaDApIBKSzp9i7HobtGbq2PPxnbaG1Xr9k+j6M2VCAn88Wv8AloSotAbeUuy09rZovfXXy9f5EEtsByAZSpDtF6p1z97wBhk5jIXEHqFCLJLYMVVLcYbSSItnTIYVYQGNOyuKAEyVFruj6j6+cK67TkjvF+MDYMzWCZGTiA4ZNK73vEg9TKldtpILihkcM+zRGJ7EnLqCm4LFoJXY9ZyhxBvSrjDDMFnTWjyiMKsyuMT7xq6dNoflMfU4iBUoXqJSkluLEE+0bmnThTPjMbW3CyzhHTad4RVTCykEqSQG5hnfnrAne3OViapVjDQ9JVZS1sA5LWPKJPEPac7CUyv6a13gS5xUbqcanVgIz2cuef8AUcCBRsP7kaydmJSLOAltSHYN1ck9Ypc2SVHXA92dsfUyaU4RxH3ysJCVCziw14c9oEQFfBGR+JfJZfOFLkJKw5ZKn6Dxi76dDYCTgHPrMALGCHAyRD5NOZQcG3Hi0O10mlcgxVrVtOCJJFWFWKQb3bYH+YKtofYiQ1JXcGBdoZ4ATlOrg8WGwtzhDtazhQBDz2Pr7w2gRiTxDlvEeeOexNXEHqrgjjaCV7HMvWu+Ynq8DkTQ0yUlXMi46EXEO16y6s5VsS9tVdow4BmTrf8ADYFZMqdlQdApOYjk4IcRr1du4X2138pj2djKWyjYHhjM6PPQHMc4x9ozVRjiDrp3HL8/iCoDjMKLMGBT8LKrlQA52/BDlIPulW1AXkJg8aKCsIllz+pSduIHEtGxplYDLfKZWu14I4a/ifxK0FaUl1r7tg5cnzdw0XZUJ5CZQ12pUbOfv94FXV0xCAQsuVACyeZO3KCVU1s2CISrtPVlscf0H4lUrE5p+ZZIIYgs3HSLNRWOQmmbGvUC08UnUScycwHXkeHtFVbDYM5/WUmm/HQ7j15RcqxhkbyqmaTsxjyUKCJx7uiV7pf9J/oe/Il4ztbpGdSa+fh4/wA/eaOh1jadsjkZ0WTNDaj7/eObKkGb6amu07HBlU14sI4oEXTVsYYUZEIRILW8WAxPCA1SIOhlsRVUhoaTeTiJMQqsl3Y7Nq/KHqa+LaIa7UrQnETvNd2O7TGenJMDTBodAscRz5fgye0dAKTxJy+0DodU2pTLLg/Q+6avPGRiN4n3xI9wz3DPTNj3DI4JBc4RISWCQKrqwBrB66yYUKBMD2jx5LlMourR+EdBo9GccT8pka7tJa/Yq3b7TKy0K1jUJWc+hcbzqv8Ah720Pw00k5QSpIaUs2BGuQnQEMw4i3VW7ix7EZqKE+3NpU1hVcqswfaMq5zb126zSqUJsBJ0tSDoGf5QdeDnx0EVqCg4Ax4fn8Szg43Pv9feHinCVfM5ZzbRhp5wz/jgEnPn8ov35YYx5QJMsq0u2vjGUansO0dLBecZy5oUkoa6Q4/OsaVbB1KDmIiy8DB+hntDXuyVb2b+0Wov4vZf5SL9P/6T5wmokpDlBu2lmHM/zDD1jcpF67G2DiZGtxH4imSXCXD8Tuen2jA1TcRwek2Kk4RnxkQtrwjiHCkz4gmPcthCbASQRyiCZBaWBMVzKZnpVHp7GJXNqEpBc3DEdYPWCRj5SMEnaZntFi0yYn4SO6nRQD8A56nXk8a9A2GeXh+8xtdqgrGuvn1P7CZWZShHk9j4fnWNJHzvMzO2JCqnqYDZm1EeC53g2ibGZt0I6qPsPYwzp12LS1A9qQp4l5vUco6widkmA5QpP6knQjhCzkc5fV6QX146jlNZiPZOTNQJspsqm024g8wxcQwmCuROYZWQ8J2MwNfhq5eoLajpFw0kND8A7RrkMhbrlft3TzSf/rp0hPVaFLvaGzeP5jNd5G03tLVJmpC5S8yfyxBuDyjn7K2qbhcYmnVrrE5H5yislKVoLxetlE06+1UOzriKZk0o+cEc9obCh/0zQrvrsGVMjMr08YkUmH4lA3Mz+I42knLL7yjo2nnpGjRpG5ttMvVdsU1jhr9o+XL5/iW4bgZmHPMvy2it+rCeyk9puz2sPfandug6CaWRhiUiwjLbUFpsBVEZyahQDG45wqyKTkSprUyE+uKdostQMju4rnY/yPkYaXRwZIEDVjq12SCSdA0GGjVdzAPaAMxZigWoPNmLYC8uUAX6lx5B4doCKcKB7zMfVWW6gE15wOYG2f3+EXSa2mFkomj/ANqB/wDaGWqsPNhMlN+SQymWhf6ljqLeaST6Qu4K+Hr14xpdFa24EvXhaVCxSrowPlY+cDF5B6yp0lq81Mnhs+dTTEHvrloLmUoqy6EWGgN3BaDC2tx7WINSyHadDwLtNTTDaYMx0QsMpJ8fo4iqKK8ltx08oZ7DZgLz6xsisHxCkkuQ13vHiyMSvUyV4lwegl1Eo94XB4wjp6XXiB2jd1q7GGyFoEwqKnP7RDKIi2Fs7+EXdnavhA28YHiWJy5S2CgCQ5yt4PzgWptWtvZ5nnjELpqnsXcZA8YgxPG8yfhpVlSdb95XXlyhI3OV4QNpoV6YBuJucAp5zXAJ9IXZCecY4fGMKcHUnX8aFnx0lukPl6fSBiAbnLpVO5I4a8BBVoLEjPLn5QbWYAMKFIn94HIggxc6Wv8A3A8jsYDvm/1zMlOxn9sXXS+Mex4wdMxS7uQ+hbhqz2huqgczMrtHXd0vdp+o/QfmB1qkpJT+c3hhhvtOdDYiiYHzFrDSCA4wJZWzvF02VyhkNIJiDGS04f7Uw9p965ZGwQZfSwN50Gm3G0e4dKhG0zRWazDVlIypuFHvJPynW7/pU36hccxaFq9Q1bY6RPWaJLxxcm6H8y7EcKRNSVJdbB1BgSG1JSLtz3uxOg0VcOOJTmcxdQ9TYcYmRnYOkJI3BsdyOe39xFDqCINWl1BTlF0KKVBg4LOL6/aF7rAwwwzG63zGyMWmpbNlV1DH0t6QkdNW3LIheOK8U7TzRb4cpv6gpT+o9XhujQVnfiP2/MsLWU5Ezddia1yykZUAm4QClxuDc25Bo0qqFV+I7+/eWt1dz18BO33jTsngoJKiNLHr+3oN+fS6+v1fAvCOs0exNEGbv2Gw2Hv8fh9/dN1IpQNo59nJnSs8NlUri30imGO4i7XAHeVzZHL7xAaXWyB1COUFUwwMUVdANuMN13HrKuQBkyVPRZE2DqOp+giWt4m8pzGo1Dam3gTl0/PrlAZ1IR1gy2Zm9RpxSgURHV4dlmOB3VXHI7j6w+l/EmDzEUfSBbcjkY1o6FmhOy3MfrqAEeUlAGuIRsuOYbAENVhaVJKbh9xY9RARqCpzA3BLEKN1iMYfkKk1EsKl/wD5GDp2c75ee28aPecY4qTv4eus5xFSmzu9Su3Ruv8AX2nuJYSmSkT0LmgJZToUSw/cxJBS2vKI0+qaxu7IGfMRnU6FUTva2Jx8dvH10jLC+1ClAGWuXNI1YlKupQS48IK3HU2WBHv3HwMy3uLLgYMtqu0VQqyWRzAc+tvSKNZk5zCaa8KwFg9mKikkkqJKjckkk+JMDLEzpa+AqCnLyjDD5KTqWgTecpYxHKNJeUM+racPXxgJHjBZJ5S5Ey7fWFGWEGecPkm/Tj7ekVGMjylG5RlTKBWQWyruVA9SR7w5WVNpB5NvnlE7AQgI5jpGiZqRZQD23Tw2vpD3eIuzAfMfnlESjHcE/WcWw8qmKShN1KIA6mwghr3wJqNYFUs3ITbVdMJaEpuUkZRvca87kG3OHDWFUCchdYXcueZmXqw5ZmYsH14Qiy43i5Y5kKqQwCb6OQOJiiE5zDDlAp0lmDlucGDSHbG0ynaOnJnFtkpHoI09I4FYz5xlNNYyBhKsMmscqrGL3LtkTU7PtweB+c1lCphaMmyb/CMRtTzTCjiWCwyUVFilw2hBYjoRd4EG4Dkc5PciwYYZHnJVFJnuWfiLOeJ4n3ix1RPOIW9haZzlSV+o9fGBKwpYBKdtdvwxdbw3OZt/ZDUsoVwcnA6fmBVAU3ywZSuecq3ZupTmvyxMjjE1QNwRGvp1XG0VtrevZwRF0icc1g5/T1OnjDJG28W3Y4HMzsGC4aJUpCBsL8zufN447U395YWnb1KKa1rXoI0TJb3gGOWZUvmFpBTe/lYjq94JxtWA2fpz/MAcNtPVJ+JtcXfmPrpE5a32lG46yARX12i7E5HcsL8WPR/P3iynkcRmqzfcxdIZQygd4a/eCEHORFO1WddOSORIhcqjDXIfntxOkDz5xXsqkoO9I3PL15+ucHnULx4W4M3Awiivoe6baXHh/Dw3VbuJcjIlNEbRewTwjujPpCNgnmO2I6p5Lhz5cfH7xRaCRxH+4i9mDgSFRTOnb38toutLr7Qg7Alq8LjaZ6XJMoFCGVLLugmwB1bgL7WubQ2QLcMf1ePrnM5DdorODmp5efu8/KYio7ITkzv9BaSNQcxSpHAHd+Y9I3F1iMntj6c5g2JhyV2Gfl5TVUcmalLTlpUsfrS4fqG15hukZN3dk5rGPKGrsxs28sUjNa77Nf2gQUjkI5p9T3TZRveJXIVNSW15b+Rv5RZuEjwm3TqarvI+vnCk1fUcb8OIgJTpGuEQqRNa0BZcyCMxrIn21vCrLKmGSpoB6sdntFc8MGy5hYqv6v8AsBMEF3Qn6CA7ry+sx3YnCs05S1Duyw4/3GyfqY6PTAWNnwmf2pZwV8A6/YTaVVN8RnSAkBg+rk/MdtvfiYfK55znjFJwdKpj6nQM3PXwv5QtZSCZXhyYJiuGpchr89R/EDegDlJmVr5JCgLXPEE+MLkcPODbc4iiupnWpTam3TQekGSzAAnd6fRiqpUPMARbUUIPWDpdiCv0SvuOclQ4iUHKuPW0BxxLBU6o1t3dvP7zVYKgze9+gb8eQjJ1JFe3WatWGGek0kqT/aM1nhi3hLilopnMpnM9lTQQ1ouisG2ievrPd58NwdtiOR3Ii9ctKiQzEeD/AHHOGGR6+cvpNdXqUyp36j10mUxulBUQQ4jS01hABh7qlsXhYZEV4Z2dPxpUwTJWULCjLz99kl9PCH7dTmplwckHfpOWt066bVKxzwgg/Lf4zpqK1IGh+kc3/hWZyZpf8vpjvk/KMcNr5a1MPmfRk21ZgCWsNeUNJSFOT1+nu8NpCalbweA8pfXTMp08/eFNUfawB68Y1SvEICKhrtd7NYwui+HOMMmB5QCZXZwxStwpVrgsLZT0YeIh418Ps53+cw7dewcms4G3T6yGEyu6VsyrEve5J7vRmitzAHbkJoaqw3INOpBLdfAeJ845pJaSHO1/4gFYVs8XSHfNYCr7pOop9CzDbXa++jg6RFiYAI9dfhIrs3xE9XKF49W0fRsiZCTMaNdlzJBjSkrGMLtXPMdo9GLgJQpwWBDMXsVceIUfHlFxsB69c4maSSR66fj5RJX42pamSm54XiwTO7bQy1BdsykIWr52uAltm0ihdc7St9KPUVflznyqJaSxPeT8qhqf9x4tEi4Y/bw90xTp7dWgPDgjr/t7/wAzw1jd2aGP7m9wNeoi/AH3EyrKWrOGBEvl6WYjiLgwPiKmCK5hNiLgRfiBlQSvKL6+kGoJH9QJbxAL+MWQjOI0mqcDGT8z+xEDCFjcnh3lel4klfD6CXOqPUH/APTSSlrT/wBYpI2zqPoHiAinmv0EOpvcZQMPj+cSpOPT0WKz1IB9w8WOkpbkJDX6qs/qPx/mFy+1s1tEHwP/APUCPZ1Xn8/4lf8Akr/L5Ta9mpkuWhQJZSi58u76P5xpaJQib84p2hqBbccchsPXvjldWnKRqDZxzf67w4WiRgtJUDvPfKAH5769G8oEjZJlRI4zPlpQc2UHYfUvrF3IA3niZgpFP8SapYfKkcAA+gAbTj4RlXvhSY32Tp++1Snou5+H8yqspWheuyd5ziubKhlWlSIsn4b8VaUDVRZ+HE+UNpf3alj0mdrNGL8LOkYfRBCEoSGSkMPCOautLsWbmZoALWoReQhokmA8UpxiVzFBOpaLKCeUhrFQZY4iusqwGILtqH18IcqR+UWD6F234ST4/wAy5VbLVLzaOOnLQ2PkYLWLg2Cdpm6z/CAPCAT0x/H7xfUplgZpktiflAJzEcSHYQ2SAcARXT1arUHFdhx1OTgeXmYvXiJCgmWkISVAFgAogkPfaL52OPCaFPYiZDXsWP0/P2mmoqFB1SD1ufM3jHe9s7maX+NRSMVoB8Jp8NlJSmwAOumo0DePvDmmbK78+fw8v3iFxJPl+8qqwCVF7iwAPV3/ADeFbyCWbO/T98wlRIAECSgX8fNreRaFK24TmMsTiSmUwU5UMylXJOobQjgYP3jkFjzi3dV4C8IwPW89lyAxfa/OKhjYpLHlJStaT/1jnCsNQnMymD8dP46x7RlePDevx75GpZuHIheIhKkggvZyWL7AAk62fTjDmrCuuR69/j/MX0/ErbzO1ybGM6vnNik7znYmR0RWSDLZM68VZdpIMtm1J0H48UVJYnEe4XhuVLn5jqfpCF9/E2Byk8oamkJgJtAlGVT+qFS6blAjZILDpIT6QEaBvy0WS0iQcMMERVPoggui3EDQ9RDaXlhht4k/Z2nbkuD5bfxIImPpY8Ptxi+MbjlMXVaB6t+Y8fzPTMb7R4RDEjV5TIUEJAWl1AbLtdJvZTaHi3QzUWFo4jlT9PP8zR011XBwkAMOR8fXnMQjERGyaDHBqwYdTYwBYs3MAwB9MTuIT/KQjDcvOUzsXpnvKD8iQPIGLrprsfqiNlmj4t1+RM3lBiL93KH2/Gj1T9JzitmM5eIMhRYizB9CfK4tE2XcK4EtxQSnriGD6Bzzu7/nKIqYgYlQ0rxTF1TTkl3JOUDiVWH1MWewscCeZs7CT+ElAElFyBmWoaFRNyOAsEjkkGMnVuGYcPIfU9fh0nYdkaX/AB6ctzbf8RfVp1BgKGbI3iiplQ4hnnsRP1ED3me4FKCZueYQABbQ3PTx849qSTXwrE21tKHOc+4Ga2XiYfuy1q6D8PpGZXpznJMSs7QB2VTLJ8+oUMxQmUnmHV5HTxAhl0RRkj6SKW1FpwPZHnziha0FQzkrPj7D6RC8WPZAEbs0lSjjubJ8ScD5f3CF05WO5IAHEsD7wQVuev1io1mir8/cv5EDlYWEray0vcOWQ7PcWNtBs5iXuIAB5/f11iNuLibKAQo3OcD5S/EqHOSQGGgHIaQEajJzN7RUdxSEPPmfeZm62QUvxh+pwY7jabTB6gLQlQ3AMY16FHIgbhmNpc1hro+/t949W4AHl5+ufjFGTJlpWFBgbbCzvzIsQOMGbDjAO3T3+Z8B4wYBU5I/qfTwkBhfcn09YFeFVQqeun15yULE5MpVMuWdmb0Z/O8C4tzwcsY+kuF23nrg6m+z9f5iqniGCZ7BHISCJhEUBKnIklQ0lNqCeJ6xZ3Zzkzy1hYox+tEuStR2BbrsPOD6SovaFhl9gFj0nNkTdo6QrBLZkQuSreBMIVDGGByPiTwDcJdXlp6+0L6l+7qJHXaXB3m6lyowWaVZp5W1MuU2c946JAdR6D6wWqh7TgRK/W10j2zLkAEJVsdjr4tEvSazuesLVb3icQB3GZKZLZ+X478IoyYyPCXVs4zAauSCPzxiyvg7Qo85n6yVq2140K2liM85bSU6piS3zDbj/MVssVDvMnV9nAjir5+H4lKVMWIYizHXygnmJgOhU4MT9pMBExJmyW+ILqSLZhx5H3jQ0mo4fZY7faQtjDaYioSsaho1kKHlJtFyjJ5eUpTKUbgGLlgIpmdJo1ZlpKdSWjEG0TBjiumu6NcoJJ/qu5t+axUEu2YRj0iOsnlPysx0O+g+0ElJVIqvhELL5ibNduJvqdvExXdgcTR7PpJYWEZAMcU2JKUl9CbvvGc9AU4nbIC27Sqrc3zqD7A2i6EDbEXu0JuYkWMPLO3yi6cjnB1aBr7HVd2cn3AD8xl2TX35j7ZW/wC54W149lcec0UpRFwomtlYiEaAqPAWD8zC2lym5G0x9Zrqk9kHJ8oFUTlzVd5gDsH99YaI42ziZLdo3nZDgeX5liMkv5UhPPX+YszqvKAC2Wt1JPxMkhCpjuSlP/cfoIXa7IJzNSvstgR3kuFOAkBIYRnlmJyZsoqIvABt4SRptuMeHFnGITvREPaHD2DsHe/KNGhirYMaos45n8FxsSJvwphZC7pUdEq4HkffrDuo0hur405jn5iL33rXaK35NyPn4fH1zm2lzuBjEwQcy7JLkzYgMQcwZXpPlTH4e0VO88FxIiZHsGTwyQVEYkYnyliJxPAGUzJwEWVMwipmc57YY/8AGX8JB7iDc8VcuQ946Ts/R90vG3M/aZOt1YLd2h2HM+J/iJ5E0Q2yytVohRqgIH3ZMa/yAJo+wczMuaeSR/8AKM3tQcKqPfC6azj4j7v3mwxCuEmXnOpskcTz5DfpGTptOb7OEcusX1upFCZ69Irwukz550wlaj85IPIhCeH2jdvZaU4V5zB0WmbV3cTnbO/n5TTUNOQnOWLv4WexjOWvC8Z5H1znR22DPAOkksOOnnr/AHhYniXn+ec8NjAqnfygHJsRhOUQ1qIdrMJGWCUrJz8eXP3j14zWWi7v7XDK+1lOAkTWYJPfUA+UbKUBcoG7XAL3Yg00LZY1/L8e/wAOh5TM1lIdeLw6/ny+0WyCxv6FwQdCCLEHlDgbhOJi2IVODMtjmGhE1myoXdJNwOI6P7xqU2ZGZTv7EUqp2P0lv+QAtldmFm4At6waZ5jnCZQloM3d2SOZ38B9IzmJLYEpWMDinqy6CQtrEnjbfn/fjBVUAbSYFRUSpq1O7DVR25czAr7xWN+c0ezuzn1dngo5n9h5wpUprAC223B+sAFhInaroqqgFUYEGHKLe+McM8M07x7hEsBKZzmw/OUEWSxCjJj7B8GMoFcwkFQ+UbeO5j1oVgOLlOR1/arWEpScL49T+BGCUZlW04fxAQOIzHEvJCQwufzXhFLLFXYR3S6Sy9sL84IAVKc7bQozTrtLo6tMuF59T4xjIMKtLPHVApJABG1uZuX8mhzSsjDhb1zmfeGByPXKFTEIAbcaixHnDjLWoxFwXY5mcxgZwX/LN9IzRbxPma+l9k4nK+1UllpHX6R0mgbKkxLtrGUz5/tDezHaFctpcx1I0B1KfumA63RK+WXY/eRoNWSoDbj7fxN3JqAQCC44xgshBwRNXhzyk/ixXhnuCSE2I4ZHDPTNiOGRwQWvxJMtJUosB4nwG5g1WnaxsKJD8FSl3OAJhsXx2dUOiXKWJZ30Urz0HKN3T6Oqj2nYZ+0xNR2tx5RFPD49T+BFUvAZytgn/cofR4cOqrHnMsuDyEmez08aZFdFj6tEDVVGeDmB1lBUSw65SwOLZk/8kuIMj1v+kiQ17COP8Pa0iepLE5kvbZj/ADCPa1QNIPgY52drVrZ+M7Efb+44rp0ytrhIQf8ASlN8Q/pB3c737rcQfAFKppNLxtzbl+0Uc266/A5fYTaKCU5US2CRoNPNveMt7ONuLPOdLp6Fpr4QOUcJUGGZQbk/lFnK4xYwx5QBBz7Ig82c5tCNlnEciGVMDeBzDFRDrFNbvDdctL8FqiO719Ym4kLtKMgO8elVr6c+EZ1eQ20XK52nOJKhLqVy5X/pqJKZZdkOTZPAco6Yjvag78/HxmN2lUumYVqcgjOOq+7yPhGOLyviyCAO9LLtuG+YN0v4QKiwo/CZk2LlciZqYEliXdrsW0t9I0kO0TM6BMw9Hw8jNbu9D/N/KApUOHJ6y3AMYiulwMzFan4aTctz0HPwtCOp1AqGBuY/oezjceJtl+/umgFIlCcqAABsPy8Y7OzNljvOvoVa1CqMATOYkGmRoUnKTSXcbyhchouHzK4xtBJ6YMpkxxgNAAPirDk/KOA49T7RJYcpynbWvLsaE5Dn5nw9w+8azFmYeAEVLGwzAE+WphlGu51gVtwVeFZqaDs99QeI7L4/iQUqzbfm8I5J5zrKaEqGEE+kxDQrbCFIgRgTCETIoYJllpnkhj4RdrWYYMGKwDtA6tVjHqwSYxXznNMeXnWtYZhZHPW/1jqNKOBQvznO9o6rvrCw5DYfn4y3BqAN0A9YHqrTmaugrAoT3Rnh8qZ8RQQW5H5fLjCtrJwAsPzK0vabnIbAG2OkaVc2ahBUAlWVgrUXMKolbNg7S1naF1aFyoODjqPzISaqYpCV5R3kg6m0S1SByvhG6tbx1q5XmPGBYliE8WlBJO7d5vVoYq09I3cyDqLnH/Wnr6TM1UisUcywV8iU+ge3hGlW+mUcKnHzmVqtJrLfaYZ+IlH/AIhMl/OlSOot4K0ME7lH3UgzJsWyvaxSPf8AmFycSBvmPS0BagjpIBEY0dW+31heyuX6R/QVKtj1bTpCbErKtiD49Vy6OSuYgITNm/IEpAdX7i2wBfq3GDUVvqrBx8h9B/MWZwOUXYJVmjlpRMSxmALUvcqNyFH9wdr/AHguso/yH4lPLYCb/ZVlSVcJ2J5x7S4gFlwRGa9JXabYYER/Sz3H10hNjjaCdBLCuBYleGUTFRcCFAgFSmDoZYwGkW0yD2DKSIb2gxkSpRbVoDpNKbLBBMVpVrX5CYOnmkrSHyqWpLq4KcszbBxpHTcIxwicRdqHutNr8zNjJqkzkuCn4yQyhoFjjp/Y20jN1CBDvy8fCQj+EClUJv8ACEvK9wtPeSd03Biy6rhGG9ecv3RH6eU0VFRzJhBV3E7J/UfH9OnXpCt/aB/RVz8Zo6bss/ru+X5jtGVKGAFtNfK1gNYzw6lTnc+efl9/6muFIIA2Hwg1VKs4vo7bXYPHjScZG/j5Rip98GZKtuuHK9lmqkunS2bpFFM8TvBJVJnWBtqftDCvgTP7R1n+NQWHM7D8/CaCWkqZIsAG5MIsgazacKxycmJO1naZFIjIhlTVfKOH9R5ct/Nm6KDceFdlHM+PkIVVCgM3wEy3ZqpnpWqatalGZdQPoeRHAWa0E1qVMoRRjHKdT2TpragXsP6unrrNrKnhQcRhsmJt8PhCEKgZEoRCkqgRECRJCbEcMrwz1U8C7x4ITICGZbHcZzgoQe7+pXEcBy5xr6XSd37Tc/DwmRrdaCDVWdup8fITPJlGYtKQHAufzpGnWJhWNviNsEWCpT9ePg8JanlmdfSOCtVHQTQ0tC0wLSWDd4cbM/IxnPdlOEyvd4cuOvOGAXICQQTcHQwOuzgIbwlnoWxCp2zK5eHJFgGGyQ7Dz2j1moLMTCVKtSBR0hCKMcIAbTLm6TVRjhEd6ZHfGK62jSNh0aGqrWhchhvEmIdjZc1OaT/pL4D5D1Tt1EP09qPWeGz2h9Zk6rsyp909k/T5fiLMAwCeVn4xyISSCxBKm/bwHM+UNarWUhR3e5P098wGBRirdJoMTxORSIc6/oQD3lH7cTCGnot1D7fE9B68Iu75mRoVrqJ3+ansyT3E7ONAkftGpO56xsW8NNfd185OnpNz+Q5/iHVqws3uIWqyg2mx3YMEyrk9+W6kfqTqU9OIgvsW+y+x+8JXe9J8RNBg3aNCwLsYztRoWUzVp1KWjYzQS8QSdx6RnmkiH2nk+uSLu3lHlpYz3KIsR7QS02BzHgm59Ifp0TnfEBbqqq+ZiiTiU5anCChPE2J5AQ42nrUYJyYge01zy2hkubmIMwORpu3884CVwCEmfqtZZfsdl8PzHVPMzJ4g2hNhwmIFZipq1SpjOUlJIBcjQm/jG2uLEz0MzmBR8eEcpxZCwDNllSmZ0rKHGzgWeFe6ZNlO0aS44nS1WjmHPtZE64byUnY/pcebbc9YapG+en8feVfw6yWOz1CUSdtmIa4YdbeQjWt4jX7UppVXvNpi6dBWvNxLwrY2BNpCFHuhOMEICfEe0B044iZWts5nmCyzMBKeLP0D/WH0oLTmu37c2Ig6DPz/AKke1naBFFJZLGaqyRz4nkIbrp7xu6Tl/wCj+3vMxFAA4jOc4RSKnrM6aSpSi7n3+whvUWrUvdpsBOg7I0HeH/It+H5/E2lDQ2FoxbbZ0uMRvIoTtCbWyhsAhBpTwgfeCVFonhp1x4Os93iRRjGKqkC6CehDecO0aUWnGcSll6IuQMxFW1k6ddZaSUggB2US4yEnW4Liwba4jSrorpHs/qnP6jtJ7VZGGOmB+esXTZ97eMFVNszLLYEc9m5eqzqHPTiTws/lBEG8WJgOFVDTOEK6hMrOz055KZt8OmZrCMO4cO8YbAEbokACEy8AX6SaZcQWlS0m0VlcymeqLqIRBEtYcxYaw7XsMybtVXQPaPw6yE4lCCVKCUgXOg8T9Iug422GTMHV9pPbsNhMji/a43RTpYfvUPZP1PlGxR2cP1Wn4D8+vfMhnzElBRKnLMyYSrdSjc8APO3Lwh620VrwptI09Lam4VJ15nwHWORRqVcEcAGYAbAcvzUwkbVHOddX2eqKFXYT400wapfpFe8Q9Z46RhPZTPcFJ8Y82cbbwZpxzBnlVhMqZ3nyq/ckgE9RofKLJqbE2xkecWs0iE5BwfKCjD5if+upuDB/PMYJ3yN/4Hr4SgF6/wDyevnJCT+4qV/uU4+0Rx+GBAvZYdixlpmMGSGHJgPSK4zuTFysulBR3A52DeJimBnAk92+CwU4HM9JaiYnKpQUVZWcD+osBfrHhUx6Yix1KCUJxOZf4aQnme8ftFzpl/8AW8XfVk7ARbXS1qPxFOSbE8/wekHrKj2RFnJbcyqXNIG8WIBlAxE7TOVe2n4Y418Ftp3qDbeUoqcpezefjeDUtwGXariGItxesK+69hoADwDa7Q8bC3XaHpo4RkDnIUEhhC1r5MK5wMRB29p1zUoSgkZXVa3IfWH+ynWtiWHPaI6rSvdXhGIPlGGCVaaPDZfxFMQlS1Hd1KJA5kuBGjfdxvwVczOSashyHPLnOVYpiC6qeZizdRAA1CRskch9406qlpr4R/fnBgG1wo64Am5wWlASBGDqbCSTPolNQrQKOk1mH0zxluSxwIO6zhjlFI2sCspZf1TPN2eU9yQoZ7Mn8IEafSDUpxSpcgznWPzHmKQbvYdTp7xu6VfZBh73UJvM/W1GRKZYLhLvezm5I5beEaKLxHinKX28b5EDp1Pfj7QVxjaBJzHuH1JQlWU7EnmwYDo8AB3kKuTiZiXWmWopJCspYKFwW57jnDjUhhkfKaFOuao8L746zqfYYFcj4h/We70Fvd45XtMYt7sdJvLd3lYaakCw/Noz+Agbj1iDzvCU01gdH9obXTZUMNoE274gNXMCdSB7wt3JzgQhuRBljM9iOMy0/NMSnk7qPgLw5TpHbkCftMzUdrHlXsPHrFU3tLKAORKif0uAAT5uBD1egJPtn95i2asHeZqsqZs9Q+Ism9gxyjokP9TGjWiV/pEX7wtzniMFIWEm5LNlBLvwtF3sbG08zR/Nw34LS24KJ1cl/QBx4njGe1wYnB5bTsuw+zxRT3jfqb6Dw/cw2mkgW08PKFmfM2SIXKkCF2cyTCUYYlW3XgPGJR2PWAd+GSXgwSe6CRe7NyPu0XZ3HLPvge9UjDY908qcIls+RJGxyp9fCPNa45E4g1CtsQJz3thJMpYKCUizhJIHpG12e/eLht5mdqVhAHXbHPEhhtaCA5eJuqIO00NFcjICMRsZoMuYRfuty73d9iT/AO2B0oQ3EekB23qAukKg7scfDmfx8YLQyPmcFi3u9+F4ZAnFxkmhSG43G3n0aKuQFyZOIJUIsBlGUOACoJc7kudfa0DVSPaMjJHKCf5UfuT/AMkxHEYUGs8zidTz3ttHKLkHInecO28om3s9/wA/PGCKcnJhF2gwp3N/vBC+NobvMDaXEMIFzg+ZimrTmJhys8IjKjAmc7WpVMSE/oTtz4xp6FgjE9ZiL2Zio8e7HnMXR0rT0DZ/oY2LLM1EzL0ulKa1F6Z+wnRMNSzRztxzO1mvweWCb6em33ELUVhny0zNWxHKNJ6AAW2F9fr+axfU1AKQvQevXviSEk7wMzYyiCYzwyuongIUxux01f69IZo8JAQ8QMw87BZ8xRVZPAqN72JYcnjXr1dNa45+6V1dD3jhUgCAz+w05V/jJ6ZT94Kva1a/+T85mnsU/wD2fT+YJO7Kz5ehQrkCQegcN6wZe0aX8RKP2LeBlCD9Iprpq5QUlaSlTGxHqOPhDdSrYQynImZbXZScOCDNBhvYRKsNmVMxRE9SRMkoF2QNMw//AGaDh3eYgj6kK4HSCxmbns8gSpMpI0ShKfIXjkb7C15c+M68U8NQTwAjAVAKm5u0As390ngwINjXaBUofDQxmKHXLwLbmNHRl2TJ5fiYmv1IpPCnP7TFV85a1d9S1ZuJ7zPtwh5FC74nP3alnO5zFs6lSng76Pp9zBw5MUZjPESgx4x4sZAEJoacEuo6c28Xgbuc4WHrWbbBsNATnbXc3J6ffw4wHXavuq+FP1Hr4Ta7O0XeNxuNh9f4lGPyxnQeRHqPuYy9Kx4SJ2Wl3BEDSmDZhzC5IaAtBsY3oJ4S5A3B4td/bzglL8Jz6Hrr4xC9OLY/3HFZVyykBgXcC1iDYXOwIjQuurwAN88pm11PxE+ERVkxgRvf0t94zHPSaFa5OZzTt8uzdPv9I3eyh1iHax4dOAfETIUdWUHlGvZWHExNLq2obym1wWsTMkqu+daUgf7QSf8A5iEuDu8r4w3a2sW8Jwnln19I8w6mBSWDiwJ06H18IKoyJkAQXE6qW5SHCf1HRzw4dYXJDHynmGIBSIkhlK7xJsHfqesTkZxKmMpn+X1YadG5F9+kSXrEkJnlP//Z",https://img-3.journaldesfemmes.fr/jMsbStq2JjloEj0uFUt5sTOvbQg=/1500x/smart/24ddcaaaeee8489f92e77399ca69472b/ccmcms-jdf/35283582.jpg,https://www.costacroisieres.fr/content/dam/costa/costa-magazine/article-images/1bbc2db/shutterstock_251391661.jpg.image.694.390.low.jpg
Marron,Castanea sativa,"Le marron est le fruit du châtaignier, un arbre qui produit des marrons comestibles. Le châtaignier est cultivé principalement pour ses fruits et son bois dur.",Fagacées,Fruits,Pépinière,"Semer les graines en automne dans des pots ou des caissettes, maintenir humide.","Plantations en plein soleil, sur un sol bien drainé, riche en matière organique. Fertiliser et arroser régulièrement.","Septembre, Octobre, Novembre","Septembre, Octobre, Novembre",Pleine terre,Plein soleil,Moyen,"Bien drainé, riche en humus",Légerement acide,1-2 m,10-15 m,15-25°C,Moyen,"Maladies fongiques, chancre du châtaignier",https://blog.mon-marche.fr/wp-content/uploads/2021/06/6012_Marrons-Italie.png,https://img.passeportsante.net/1200x675/2021-05-03/i102088-marron.webp,https://cdn.futura-sciences.com/buildsv6/images/wide1920/f/2/f/f2f357e236_50144426_difference-chataigne-marron.jpg
Laitue,Lactuca sativa,"Origine : Proche-Orient et Méditerranée. La laitue pommée est une variété de laitue à pomme serrée, souvent consommée crue en salade. Elle présente une tête compacte de feuilles vertes tendres.",Astéracées,Légumes,Pleine terre,"Semer en pépinière de février à mars pour les variétés de printemps, ou directement en place d’avril à juin pour les variétés d’été. Espacer les lignes de 30-50 cm. Les graines doivent être placées peu profondément dans un sol à température fraîche (12-15°C).","Binez régulièrement pour éviter les mauvaises herbes. Arrosez modérément pour maintenir le sol frais, surtout en période sèche. Évitez l'excès d'azote pour prévenir la montée à graines prématurée.","Février, Mars, Avril, Mai, Juin","Mars, Avril, Mai, Juin, Juillet",Pleine terre,Ensoleillée,Moyen,Léger à moyen,Riche,20-30 cm,25-30 cm,10-15°C,Facile,"Limaces, escargots, hépiale, mildiou, fonte des semis, pourriture grise, pourriture du collet, puceron de la salade, Bremia (mildiou de la laitue)",https://www.rustica.fr/images/shutterstock-1572572410.jpg,https://wordpress.potagercity.fr/wp-content/uploads/2019/02/fiche-laitue.jpg,https://www.jardiner-malin.fr/wp-content/uploads/2019/10/Laitue-bienfaits.jpg
Framboise,Rubus idaeus,La framboise est un petit fruit rouge au goût sucré et légèrement acidulé. Les plants sont des arbrisseaux à tiges dressées ou retombantes.,Rosacées,Fruits,Bouturage,Préférer le bouturage ou la division des tiges racinées.,Planter en pleine terre dans un sol riche et bien drainé. Tailler régulièrement pour encourager la production.,"Septembre, Octobre, Novembre","Juin, Juillet, Août, Septembre, Octobre, Novembre",Pleine terre,Plein soleil,Fort,Bien drainé,Riche en humus,1.5-2 m,50-60 cm,15-25°C,Moyen,"Pourriture grise, pucerons, oïdium",https://img-3.journaldesfemmes.fr/BZs54b5UBRJQ8wcQ3EYGrM91ZTs=/1500x/smart/45768007f10e4e269b3f7901e339a1f4/ccmcms-jdf/25039199.jpg,https://www.oleomac.fr/cdn/shop/articles/Framboises.jpg?v=1708351347,https://sainthilairebio.com/img/cms/visuels%20pages%20conseil%20HE/HV/framboise.jpg
Fraise des bois,Fragaria vesca,"Petite fraise sauvage, très parfumée et sucrée, cultivée pour ses fruits savoureux.",Rosacées,Fruits,Pleine terre,"Semer les graines sur un substrat léger, recouvrir légèrement, maintenir humide.","Planter en pleine terre ou en pot dans un sol bien drainé, pailler pour conserver l'humidité.","Mars, Avril, Mai, Juin","Juin, Juillet, Août, Septembre, Octobre, Novembre",Pleine terre,Plein soleil,Fort,Bien drainé,Riche en humus,10-20 cm,20-30 cm,15-25°C,Facile,"Oïdium, pourriture grise",https://jardinage.lemonde.fr/images/dossiers/2017-02/fraise-des-bois-133121.jpg,"https://cdn.unitycms.io/images/5trQik9wqj1BrqppoA_Tc4.jpg?op=ocroped&val=1200,630,1000,1000,0,0&sum=JMYwTaTLz_w","https://res.cloudinary.com/hv9ssmzrz/image/fetch/c_fill,f_auto,h_600,q_auto,dpr_2.0,w_800/https://s3-eu-west-1.amazonaws.com/images-ca-1-0-1-eu/tag_photos/original/17135/fraise-des-bois4780318458_b178a8b471_b.jpg"
Piment,Capsicum annuum,"Le piment est un fruit épicé de différentes couleurs (rouge, vert, jaune) utilisé pour agrémenter les plats.",Solanacées,Légumes,Pleine terre,"Semer les graines en intérieur en février-mars, maintenir au chaud et repiquer les jeunes plants en mai.","Planter en pleine terre ou en pot, dans un sol bien drainé et riche en matière organique. Arrosage régulier.","Février, Mars","Juillet, Août, Septembre, Octobre",Pleine terre,Plein soleil,Moyen,Bien drainé,Riche et léger,0.5-1 m,30-40 cm,20-30°C,Moyen,"Pucerons, Mildiou",https://media.ouest-france.fr/v1/pictures/MjAxNzAxOTc0ODFiYmZhNGVlYTJiODZjNTcyZWRiOGI1Y2I3ZjQ?width=1260&height=708&focuspoint=50%2C25&cropresize=1&client_id=bpeditorial&sign=37fa580bde946cae4b7585508fefaa9d8f2b1abfe0d2e26009b0852d7777242c,https://exostar.fr/cdn/shop/products/Sanstitre_Graphique_11_600x.png?v=1697220975,https://www.sciencesetavenir.fr/assets/img/2014/05/26/cover-r4x3w1200-57df91e3be1f8-manger-du-piment-rouge-allongerait-l-esperance-de-vie.jpg
Tomate cerise,Solanum lycopersicum var. cerasiforme,"La tomate cerise est une variété de tomate, petite et ronde, souvent utilisée en salade, en apéritif ou en décoration.",Solanacées,Fruits,Pleine terre,"Semer en godets à l'intérieur 6-8 semaines avant le dernier gel, repiquer après les dernières gelées.","Plantation en sol riche et bien drainé, arrosage régulier, tuteurage nécessaire, taille des gourmands.","Février, Mars, Avril","Juin, Juillet, Septembre, Octobre",Pleine terre,Plein soleil,Fort,Bien drainé,Riche et léger,1-2 m,50-70 cm,20-30°C,Moyen,"Mildiou, Oïdium, Nématodes",https://images.ctfassets.net/b85ozb2q358o/50e9784c310f3c00f1d1eb4f874614f53adae0e6011b9cf29ccf105cd764d3a8/5fd04c8e5a6173467977a2cddc7fdc6f/image.png,https://www.chronodrive.com/le-studio/wp-content/uploads/2022/07/tomates.png,"https://assets.gammvert.fr/image/fetch/w_auto,q_auto,f_auto,c_pad/https://images.ctfassets.net/b85ozb2q358o/af8324f3d5d0a01f321820afa2345b372814f10276f21c89be6ad6ea22c70803/e286c7c700fb801b8d2818dc9bf145e0/image.png"
Pastèque,Citrullus lanatus,"La pastèque est un gros fruit rond ou oblong avec une peau verte, striée ou tachetée, et une chair juteuse et sucrée, de couleur rouge, rose ou jaune.",Cucurbitacées,Fruits,Pleine terre,Semer les graines directement en pleine terre lorsque les températures sont suffisamment chaudes.,"Choisir un emplacement en plein soleil, avec un sol bien drainé et riche. Arrosage régulier mais sans excès.","Avril, Mai","Juillet, Août, Septembre",Pleine terre,Plein soleil,Fort,Bien drainé,Riche et léger,20-60 cm,1.5-2 m,20-30°C,Moyen,"Oïdium, Anthracnose, Fusariose",https://bricoleurpro.ouest-france.fr/images/dossiers/2022-08/pasteque-061411.jpg,https://i-sam.unimedias.fr/2018/07/24/pasteque.jpg?auto=format%2Ccompress&cs=tinysrgb&w=1200,https://cuisinedz.fr/wp-content/uploads/2024/05/Pasteque.jpeg
Choux de Bruxelles,Brassica oleracea gemmifera,Les choux de Bruxelles produisent de petites pommes rondes et serrées le long de la tige. Ce légume d’hiver est apprécié pour sa saveur douce et sa richesse en vitamines et minéraux.,Brassicacées,Légumes,Pleine terre,"Semer en pépinière en mai-juin, repiquer en pleine terre en juillet-août à 60 cm de distance entre les plants et 70 cm entre les rangs.",Biner et sarcler régulièrement. Butter les pieds pour les renforcer. Apporter un paillage pour conserver l’humidité et protéger des gelées.,"Mai, Juin","Novembre, Decembre, Janvier, Fevrier, Mars",Pleine terre,Plein soleil,Moyen,Tout types,"Riche, bien drainé",80-120 cm,60-70 cm,15-20°C,Moyen,"Hernie du chou, Pucerons, Altises, Piérides, Mildiou, Oïdium",https://www.terrevivante.org/wp-content/uploads/2022/12/Banniere-PublicDomainPictures-de-Pixabay.png,https://img.passeportsante.net/1200x675/2021-05-03/i102011-choux-de-bruxelles-nu.jpg,https://www.ctendance.fr/wp-content/uploads/2022/09/choux-de-bruxelles.png
Salsifis,Tragopogon porrifolius,"Racine blanche, longue, à peau jaunâtre. Plante bisannuelle avec une tige florale pouvant atteindre 1,20 m. Jeunes feuilles comestibles.",Astéracées,Légumes,Pleine terre,"Semer entre le 15 mars et le 15 avril en rangs distants de 25 à 30 cm. Recouvrir de 2 cm de terre fine, tasser et maintenir humide. Levée en 12-15 jours.","Éclaircir à 10-12 cm entre chaque pied. Biner 2-3 fois. Arroser suffisamment, surtout en juillet et août. Couper les tiges florales dès leur apparition.","Mars, Avril","Octobre, Novembre, Décembre, Janvier, Février",Pleine terre,Ensoleillée,Moyen,"Profond, légèrement acide","Sol ameubli, frais, enrichi en humus",1.2 m,25-30 cm,15-20°C,Moyen,"Rouille, pucerons",https://www.plantezcheznous.com/wp-content/uploads/2014/01/Salsifis.jpg,https://www.jardiner-malin.fr/wp-content/uploads/2019/12/Salsifis.jpg,https://www.leparisien.fr/resizer/f_QugVxq3srS-pc7iIxPnaqZxkE=/932x582/cloudfront-eu-central-1.images.arcpublishing.com/lpguideshopping/E3QBQRXJTFBUXF5A6R7TTIZ2XU.jpg